Workbook

Sheet Matriz
A1: Trasteando — Matriz de cumplimiento de requisitos
A2: Base: requisitos.md v1.2 · app 0.1.2 · roadmap 3.0 · emitida el 14/10/2026. Cliente: Pablo Díaz Guerra. Proveedor: chat de Desarrollo. Verificación independiente: auditores de requisitos y técnico.
A4: ID | B4: Categoría | C4: Requisito | D4: Prioridad | E4: Origen | F4: Fase | G4: Etapa | H4: Método | I4: Criterio de aceptación | J4: Declaración del proveedor | K4: Desde versión | L4: Evidencia | M4: Estado de verificación | N4: Verifica | O4: Comentario del proveedor | P4: Comentario del cliente | Q4: Cambio en v1.2
A5: G-01 | B5: Requisitos generales y de producto | C5: La aplicación se llama Trasteando. El nombre aparece en la pantalla de entrada, el título de la pestaña y el manifiesto PWA. | D5: Alta | E5: Cliente · listado 14/09 | F5: F1 | G5: F1.1 | H5: I | I5: El nombre «Trasteando» aparece en la pantalla de entrada, en la pestaña del navegador y en el manifiesto. | J5: Cumple | K5: 0.1.0 | L5: F1.1 #14 | M5: Pendiente | N5: Auditor de requisitos | O5: Naming cerrado: se descarta Trasting.
A6: G-02 | B6: Requisitos generales y de producto | C6: La app se organiza en áreas accesibles desde una navegación principal: Libre, Adivinar, Afinador y Escalas. | D6: Alta | E6: Cliente · listado 14/09 | F6: F1 | G6: F1.1 | H6: D | I6: La barra inferior muestra Libre, Adivinar, Afinador y Escalas; cada destino activo abre su vista y Escalas aparece deshabilitada. | J6: Cumple | K6: 0.1.0 | L6: F1.1 #1 y #14 | M6: Pendiente | N6: Cliente | O6: Escalas visible pero deshabilitada hasta F5.
A7: G-03 | B7: Requisitos generales y de producto | C7: La app funciona sin conexión una vez cargada desde la web. | D7: Media | E7: Cliente · listado 14/09 | F7: F6 | G7: F6.2 | H7: T | I7: Tras una primera carga desde la web y con el modo avión activado, la app abre y suena. | J7: No cumple | K7: — | L7: — | M7: Pendiente | N7: Banco automático + auditor técnico | O7: Service Worker. Depende de S-07. En modo archivo (G-07) la autonomía se consigue de otra forma: el audio va dentro del archivo. | Q7: Modificado
A8: G-04 | B8: Requisitos generales y de producto | C8: La app es instalable como PWA (icono en la pantalla de inicio, pantalla completa). | D8: Alta | E8: Cliente · listado 14/09 | F8: F6 · F7 | G8: F6.3 · F7.2 | H8: D | I8: Desde la web publicada, el navegador ofrece instalarla y abre a pantalla completa desde el icono. | J8: Cumple parcialmente | K8: 0.1.0 | L8: — | M8: Pendiente | N8: Cliente | O8: Manifiesto incrustado como data: URL. Falta un archivo de manifiesto propio con iconos PNG (F6.3) y verificarla instalada desde la web publicada (F7.2): instalar solo es posible desde https. | Q8: Modificado
A9: G-05 | B9: Requisitos generales y de producto | C9: La interfaz cumple unos mínimos de accesibilidad: foco de teclado visible, respeto a prefers-reduced-motion, contraste suficiente y etiquetas accesibles en los controles solo-icono. | D9: Media | E9: Desarrollo · v1.1 | F9: F3 | G9: F3.4 | H9: I+T | I9: Todo control es alcanzable con teclado y muestra el foco; contrastes ≥ 4,5:1 medidos; el movimiento se reduce con prefers-reduced-motion. | J9: Cumple parcialmente | K9: 0.1.1 | L9: — | M9: Pendiente | N9: Auditor técnico | O9: Hecho: foco visible, movimiento reducido, interruptores con role="switch" (0.1.1), aria-pressed en los selectores y aviso del reto para lectores de pantalla (0.1.2). Falta: recorrer el mástil con teclado y auditar el contraste. | Q9: Modificado
A10: G-06 | B10: Requisitos generales y de producto | C10: El proyecto documenta sus dependencias externas y la licencia de cada recurso de terceros que distribuye. | D10: Media | E10: Desarrollo · v1.1 | F10: F2 · F6 | G10: F2.1 · F6.4 | H10: I | I10: CREDITOS.md lista cada recurso de terceros con su origen y su licencia. | J10: No cumple | K10: — | L10: — | M10: Pendiente | N10: Auditor de requisitos | O10: Tone.js (MIT) y los samples de audio (S-07).
A11: G-07 | B11: Requisitos generales y de producto | C11: Modo archivo autónomo: la app funciona completa —salvo el afinador por micrófono— abriendo el archivo directamente (file://), sin servidor y sin conexión. | D11: Alta | E11: Cliente · 15/09 | F11: F2 | G11: F2.3 · F2.5 | H11: T | I11: Con el ordenador en modo avión, abrir el archivo con doble clic: suenan las muestras reales y funcionan Libre, Adivinar y el afinador por referencia. | J11: Cumple parcialmente | K11: 0.1.0 | L11: — | M11: Pendiente | N11: Banco automático + auditor técnico | O11: Hoy funciona sin conexión pero con sonido sintetizado, porque los samples se descargan de internet. Se completa al incrustar el audio en el archivo (F2.3). En iPhone puede no ser viable: ver PL-03. | Q11: Nuevo
A12: G-08 | B12: Requisitos generales y de producto | C12: El proyecto conserva dos formas de distribución equivalentes: el archivo autónomo (para llevárselo) y la web publicada (para instalarla como PWA). | D12: Media | E12: Cliente · 15/09 | F12: F4 · F6 | G12: F4.1 · F6.1 | H12: T | I12: El archivo autónomo generado y la web publicada superan el mismo banco de pruebas. | J12: Cumple parcialmente | K12: 0.1.0 | L12: — | M12: Pendiente | N12: Banco automático + auditor técnico | O12: Hoy se cumple de forma trivial: todo es un único archivo. Se vuelve exigente al pasar a módulos (F4.1), que no funcionan con file://; F6.1 genera el archivo autónomo a partir de ellos. | Q12: Nuevo
A13: G-09 | B13: Requisitos generales y de producto | C13: La app podrá distribuirse por tiendas oficiales —Google Play, Microsoft Store y, si compensa, App Store— empaquetando la PWA publicada. | D13: Media | E13: Cliente · 14/10 | F13: F7 | G13: F7.4 | H13: I | I13: Ficha enviada a revisión en al menos una tienda, o decisión documentada de no hacerlo. | J13: No cumple | K13: — | L13: — | M13: Pendiente | N13: Auditor de requisitos | O13: Decisión de producto en F7.4. Exige S-07 con licencia limpia, G-11 y la web publicada (X-02). Cuentas, costes y archivos necesarios: roadmap, Inventario de lanzamiento. | Q13: Nuevo
A14: G-10 | B14: Requisitos generales y de producto | C14: Control de versiones de la app: cada versión tiene número propio con la pauta 0.‹fase›.‹corrección› —1.0.0 en el lanzamiento—, se registra en CHANGELOG.md y se muestra en Ajustes. | D14: Alta | E14: Cliente · 14/10 | F14: F1 | G14: F1.3 | H14: I | I14: Ajustes muestra la versión; CHANGELOG.md tiene una entrada por versión; existe la etiqueta de Git de cada cierre de fase. | J14: Cumple | K14: 0.1.2 | L14: Banco 0.1.2 (DOM simulado) · CHANGELOG.md · F1.1 #12 | M14: Verificado parcialmente | N14: Auditor de requisitos | O14: Vincula cada versión con su fase del roadmap. Cada fase cerrada se marca además con una etiqueta de Git (F1.4). | Q14: Nuevo
A15: G-11 | B15: Requisitos generales y de producto | C15: Privacidad: la app no recoge ni envía datos personales; el sonido del micrófono se analiza solo en el dispositivo. Una política de privacidad pública lo declara. | D15: Alta | E15: Desarrollo · v1.2 | F15: F6 | G15: F6.4 | H15: I | I15: La política de privacidad está publicada y la app no envía ninguna petición con datos del usuario (pestaña Red). | J15: No cumple | K15: — | L15: — | M15: Pendiente | N15: Auditor de requisitos | O15: Las tiendas exigen política de privacidad, y el micrófono la hace necesaria también por transparencia. Hoy la app ya no envía nada: solo guarda ajustes en el propio navegador. | Q15: Nuevo
A16: PL-01 | B16: Plataformas | C16: Windows: la app funciona en Chrome, Edge y Firefox actuales —en modo archivo, local y web— e instalada como PWA desde Edge o Chrome. | D16: Alta | E16: Cliente · 14/10 | F16: F2 · F7 | G16: F2.5 · F7.2 | H16: D | I16: La lista de F1.1 se supera en Chrome, Edge y Firefox en Windows, y la app se instala como PWA desde Edge. | J16: Cumple parcialmente | K16: 0.1.0 | L16: — | M16: Pendiente | N16: Cliente | O16: Es la plataforma de desarrollo y la mejor cubierta. Tienda: Microsoft Store (F7.4). | Q16: Nuevo
A17: PL-02 | B17: Plataformas | C17: Android: la app funciona en Chrome —en web e instalada como PWA— y, si es viable, en modo archivo. | D17: Alta | E17: Cliente · 14/10 | F17: F2 · F7 | G17: F2.5 · F7.2 | H17: D | I17: La lista de comprobación se supera en Chrome para Android, en web y con la PWA instalada. | J17: Cumple parcialmente | K17: 0.1.0 | L17: — | M17: Pendiente | N17: Cliente | O17: Modo archivo: abrir el HTML descargado con Chrome; a verificar en F2.5. Tienda: Google Play empaquetando la PWA (F7.4). | Q17: Nuevo
A18: PL-03 | B18: Plataformas | C18: iPhone y iPad: la app funciona en Safari —en web e instalada con «Añadir a pantalla de inicio». | D18: Alta | E18: Cliente · 14/10 | F18: F2 · F7 | G18: F2.5 · F7.2 | H18: D | I18: La lista de comprobación se supera en Safari para iOS, en web y desde la pantalla de inicio. | J18: Cumple parcialmente | K18: 0.1.0 | L18: — | M18: Pendiente | N18: Cliente | O18: Modo archivo probablemente inviable: la vista previa de la app Archivos no ejecuta JavaScript (a confirmar en F2.5). Alternativas: el navegador integrado de una app de terceros o un despliegue de pruebas. Tienda: App Store exige un Mac con Xcode y la cuenta de desarrollador de Apple (F7.4). | Q18: Nuevo
A19: N-01 | B19: Nomenclatura y notación | C19: Alternancia entre nomenclatura latina (Do, Re, Mi…) y anglosajona (C, D, E…). | D19: Alta | E19: Cliente · listado 14/09 | F19: F1 | G19: F1.1 | H19: D | I19: El chip de nomenclatura alterna todos los nombres entre Do-Re-Mi y C-D-E. | J19: Cumple | K19: 0.1.0 | L19: F1.1 #6 | M19: Pendiente | N19: Cliente
A20: N-02 | B20: Nomenclatura y notación | C20: El cambio de nomenclatura está en el menú de configuración. | D20: Alta | E20: Cliente · listado 14/09 | F20: F1 | G20: F1.1 | H20: D | I20: El selector de Ajustes produce el mismo cambio que el chip. | J20: Cumple | K20: 0.1.0 | L20: F1.1 #14 | M20: Pendiente | N20: Cliente
A21: N-03 | B21: Nomenclatura y notación | C21: El cambio de nomenclatura está además en la interfaz principal, sin abrir el menú. | D21: Alta | E21: Cliente · listado 14/09 | F21: F1 | G21: F1.1 | H21: D | I21: El chip está visible en la barra de acceso rápido sin abrir ningún menú. | J21: Cumple | K21: 0.1.0 | L21: F1.1 #14 | M21: Pendiente | N21: Cliente | O21: Chip en la barra de acceso rápido.
A22: N-04 | B22: Nomenclatura y notación | C22: La nomenclatura se aplica de forma consistente en mástil, juego, afinador y pentagrama. | D22: Alta | E22: Cliente · listado 14/09 | F22: F1 | G22: F1.1 | H22: D | I22: Tras cambiar la nomenclatura, mástil, cuerdas, lector de nota, pistas y afinador usan la nueva. | J22: Cumple | K22: 0.1.0 | L22: F1.1 #6 | M22: Pendiente | N22: Cliente | O22: Verificar de nuevo al añadir Escalas (F5).
A23: N-05 | B23: Nomenclatura y notación | C23: La nomenclatura persiste entre sesiones. | D23: Media | E23: Cliente · listado 14/09 | F23: F1 | G23: F1.1 | H23: D | I23: Tras recargar la página se mantiene la nomenclatura elegida. | J23: Cumple | K23: 0.1.0 | L23: F1.1 #13 | M23: Pendiente | N23: Cliente | O23: localStorage.
A24: D-01 | B24: Diapasón | C24: Diagrama del mástil de 6 cuerdas. | D24: Alta | E24: Cliente · listado 14/09 | F24: F1 | G24: F1.1 | H24: I | I24: Se dibujan 6 cuerdas con 25 posiciones cada una: cejuela y 24 trastes. | J24: Cumple | K24: 0.1.0 | L24: Banco 0.1.2 (DOM simulado): 150 celdas | M24: Verificado parcialmente | N24: Auditor de requisitos
A25: D-02 | B25: Diapasón | C25: Cada cuerda muestra a la izquierda su nota al aire, derivada de la afinación activa. | D25: Alta | E25: Cliente · listado 14/09 | F25: F1 | G25: F1.1 | H25: D | I25: La etiqueta de cada cuerda coincide con la afinación activa y cambia al cambiarla. | J25: Cumple | K25: 0.1.0 | L25: Banco 0.1.2 (DOM simulado): Drop D | M25: Verificado parcialmente | N25: Cliente | O25: Se actualiza sola al cambiar de afinación (A-10).
A26: D-03 | B26: Diapasón | C26: Cada traste muestra su número alineado exactamente sobre la franja donde se pulsa. | D26: Alta | E26: Cliente · listado 14/09 | F26: F1 | G26: F1.1 | H26: I | I26: Cada número de traste queda centrado sobre su franja con cualquier nivel de zoom. | J26: Cumple | K26: 0.1.0 | L26: F1.1 #7 | M26: Pendiente | N26: Auditor de requisitos | O26: La fila de números comparte las mismas variables de ancho (--label-w, --nut-w, --fret-w) que las celdas.
A27: D-04 | B27: Diapasón | C27: La numeración de trastes tiene tres modos: todos, guía (solo los trastes con marca) y ninguno. | D27: Media | E27: Cliente · listado 14/09 | F27: F1 | G27: F1.3 | H27: T | I27: Los modos Todos, Guía y No muestran todos los números, solo los de trastes con marca, o ninguno. | J27: Cumple | K27: 0.1.2 | L27: Banco 0.1.2 (DOM simulado) · F1.1 #11 | M27: Verificado parcialmente | N27: Banco automático + auditor técnico | O27: Sustituye al interruptor de la 0.1.1; quien lo tuviera apagado pasa automáticamente a «ninguno». | Q27: Modificado
A28: D-05 | B28: Diapasón | C28: Al pulsar una posición suena esa nota. | D28: Alta | E28: Cliente · listado 14/09 | F28: F1 | G28: F1.1 | H28: D | I28: Pulsar una posición reproduce su nota sin retardo perceptible. | J28: Cumple | K28: 0.1.0 | L28: F1.1 #2 | M28: Pendiente | N28: Cliente
A29: D-06 | B29: Diapasón | C29: Al pulsar una posición aparece el nombre de la nota en la nomenclatura activa. | D29: Alta | E29: Cliente · listado 14/09 | F29: F1 | G29: F1.1 | H29: D | I29: Al pulsar aparece el nombre de la nota sobre la posición. | J29: Cumple | K29: 0.1.0 | L29: F1.1 #14 | M29: Pendiente | N29: Cliente
A30: D-07 | B30: Diapasón | C30: Marcadores de posición en los trastes habituales (3, 5, 7, 9, 12, 15, 17, 19, 21, 24). | D30: Media | E30: Cliente · listado 14/09 | F30: F1 | G30: F1.1 | H30: I | I30: Marcas simples en los trastes 3, 5, 7, 9, 15, 17, 19 y 21, y dobles en 12 y 24. | J30: Cumple | K30: 0.1.0 | L30: F1.1 #14 | M30: Pendiente | N30: Auditor de requisitos
A31: S-01 | B31: Sonido | C31: El sonido corresponde a una guitarra real, no a un sintetizador genérico. | D31: Alta | E31: Cliente · listado 14/09 | F31: F1 · F2 | G31: F1.1 · F2.2 · F2.4 | H31: D | I31: Con conexión suenan las muestras, no el sintetizador; en la pestaña Red se ven descargadas. | J31: Cumple | K31: 0.1.0 | L31: F1.1 #14 | M31: Pendiente | N31: Cliente | O31: Hoy con Tone.js y samples de un tercero. En F2 se sustituye por un reproductor propio con samples alojados en el proyecto (S-07).
A32: S-02 | B32: Sonido | C32: El usuario elige entre guitarra clásica (nylon) y acústica (acero). | D32: Alta | E32: Cliente · listado 14/09 | F32: F1 | G32: F1.1 | H32: D | I32: Elegir Acústica cambia el timbre audible y elegir Clásica lo devuelve. | J32: Cumple | K32: 0.1.0 | L32: F1.1 #5 | M32: Pendiente | N32: Cliente | O32: Cambiar de timbre descarga otro set de muestras, con aviso. Desde 0.1.2, dos cambios seguidos ya no muestran el mensaje de la carga descartada.
A33: S-03 | B33: Sonido | C33: La selección de timbre está en el menú de configuración. | D33: Alta | E33: Cliente · listado 14/09 | F33: F1 | G33: F1.1 | H33: I | I33: El selector de timbre está en Ajustes. | J33: Cumple | K33: 0.1.0 | L33: F1.1 #14 | M33: Pendiente | N33: Auditor de requisitos
A34: S-04 | B34: Sonido | C34: Si los samples no cargan, la app sigue sonando por síntesis. | D34: Media | E34: Cliente · listado 14/09 | F34: F1 | G34: F1.1 | H34: T | I34: Sin conexión, la app suena con el sintetizador y lo avisa en la pantalla de entrada. | J34: Cumple | K34: 0.1.0 | L34: — | M34: Pendiente | N34: Banco automático + auditor técnico | O34: Karplus-Strong con filtros que imitan la caja de resonancia. Desde 0.1.1 cada nota se calcula una sola vez y se reutiliza.
A35: S-05 | B35: Sonido | C35: El primer sonido requiere una interacción explícita del usuario. | D35: Alta | E35: Cliente · listado 14/09 | F35: F1 | G35: F1.1 | H35: D | I35: No suena nada antes de pulsar «Empezar». | J35: Cumple | K35: 0.1.0 | L35: F1.1 #14 | M35: Pendiente | N35: Cliente | O35: Lo impone la política de reproducción automática de los navegadores.
A36: S-06 | B36: Sonido | C36: El timbre persiste entre sesiones. | D36: Media | E36: Cliente · listado 14/09 | F36: F1 | G36: F1.1 | H36: D | I36: Tras recargar se mantiene el timbre elegido. | J36: Cumple | K36: 0.1.0 | L36: F1.1 #13 | M36: Pendiente | N36: Cliente
A37: S-07 | B37: Sonido | C37: Los samples de audio se alojan en el propio proyecto, con licencia verificada y documentada. | D37: Alta | E37: AR-01 | F37: F2 | G37: F2.1 · F2.3 | H37: I | I37: Ninguna petición de audio sale del dominio propio, y CREDITOS.md documenta origen y licencia. | J37: No cumple | K37: — | L37: — | M37: Pendiente | N37: Auditor de requisitos | O37: Antes asignado a V1; pasa a F2, la fase del sonido. Opciones y análisis en la sección de riesgos. | Q37: Modificado
A38: P-01 | B38: Pentagrama | C38: Al pulsar una nota en el mástil, se representa en el pentagrama. | D38: Alta | E38: Cliente · listado 14/09 | F38: F1 | G38: F1.1 | H38: A | I38: Toda posición del mástil, en cualquier afinación permitida, se dibuja dentro del pentagrama. | J38: Cumple | K38: 0.1.0 | L38: Análisis 15/09: ninguna nota fuera en todo el rango · F1.1 #3 y #4 | M38: Verificado parcialmente | N38: Auditor técnico | O38: Clave de sol octavada. Desde 0.1.1 las notas muy agudas o graves se dibujan transportadas con 8va, 15ma u 8vb, y la clave es un trazado propio que no depende de las fuentes del sistema.
A39: P-02 | B39: Pentagrama | C39: El pentagrama se puede mostrar u ocultar. | D39: Alta | E39: Cliente · listado 14/09 | F39: F1 | G39: F1.1 | H39: D | I39: El pentagrama se oculta y se muestra desde el chip y desde Ajustes. | J39: Cumple | K39: 0.1.0 | L39: F1.1 #14 | M39: Pendiente | N39: Cliente | O39: En configuración y en acceso rápido.
A40: P-03 | B40: Pentagrama | C40: El pentagrama está disponible en todos los modos de aprendizaje. | D40: Media | E40: Cliente · listado 14/09 | F40: F5 | G40: F5.3 | H40: D | I40: El pentagrama funciona en Libre, Adivinar y Escalas. | J40: Cumple parcialmente | K40: 0.1.0 | L40: — | M40: Pendiente | N40: Cliente | O40: Libre y Adivinar sí. Escalas, en F5.
A41: P-04 | B41: Pentagrama | C41: En el afinador, la afinación seleccionada se muestra como seis notas en un pentagrama. | D41: Media | E41: Cliente · listado 14/09 | F41: F1 | G41: F1.1 | H41: D | I41: El afinador muestra en un pentagrama las seis notas de la afinación activa. | J41: Cumple | K41: 0.1.0 | L41: F1.1 #14 | M41: Pendiente | N41: Cliente
A42: L-01 | B42: Modo Libre | C42: El modo por defecto al abrir la app es el diapasón libre. | D42: Alta | E42: Cliente · listado 14/09 | F42: F1 | G42: F1.1 | H42: D | I42: Al abrir la app se muestra el modo Libre. | J42: Cumple | K42: 0.1.0 | L42: F1.1 #14 | M42: Pendiente | N42: Cliente
A43: L-02 | B43: Modo Libre | C43: El usuario decide si ve el nombre de todas las notas del mástil o solo el de la que pulsa. | D43: Alta | E43: Cliente · listado 14/09 | F43: F1 | G43: F1.1 | H43: D | I43: Con «Ver todas las notas» se ven todos los nombres; sin él, solo el de la nota pulsada. | J43: Cumple | K43: 0.1.0 | L43: F1.1 #10 | M43: Pendiente | N43: Cliente | O43: Por defecto solo la pulsada, para no convertir el mástil en una chuleta permanente. En Adivinar no se aplica (J-12).
A44: L-03 | B44: Modo Libre | C44: Al pulsar una nota se señalan discretamente las demás posiciones que producen exactamente la misma nota (mismo sonido, no misma clase de nota). | D44: Media | E44: Cliente · listado 14/09 | F44: F1 | G44: F1.1 | H44: D | I44: Al pulsar una nota se señalan las demás posiciones con el mismo sonido exacto y ninguna de otra octava. | J44: Cumple | K44: 0.1.0 | L44: F1.1 #14 | M44: Pendiente | N44: Cliente | O44: Señal deliberadamente más tenue que la nota pulsada.
A45: J-01 | B45: Modo Adivinar | C45: Suena una nota aleatoria y el usuario busca su posición en el mástil. | D45: Alta | E45: Cliente · listado 14/09 | F45: F1 | G45: F1.1 | H45: D | I45: Al entrar en Adivinar suena una nota y el botón ▶ la repite. | J45: Cumple | K45: 0.1.0 | L45: F1.1 #14 | M45: Pendiente | N45: Cliente | O45: Con botón para repetir el sonido. Desde 0.1.1 los retos se limitan a los 12 primeros trastes por defecto, y desplazar el mástil ya no cuenta como pulsación.
A46: J-02 | B46: Modo Adivinar | C46: Se acepta como acierto cualquier posición que produzca esa nota exacta. | D46: Alta | E46: Cliente · listado 14/09 | F46: F1 | G46: F1.1 | H46: T | I46: Cualquier posición con el mismo sonido cuenta como acierto. | J46: Cumple | K46: 0.1.0 | L46: Banco 0.1.2 (DOM simulado): acierto | M46: Verificado parcialmente | N46: Banco automático + auditor técnico
A47: J-03 | B47: Modo Adivinar | C47: Tras acertar se señalan las demás posiciones válidas. | D47: Media | E47: Cliente · listado 14/09 | F47: F1 | G47: F1.1 | H47: D | I47: Tras acertar se señalan las demás posiciones válidas. | J47: Cumple | K47: 0.1.0 | L47: F1.1 #14 | M47: Pendiente | N47: Cliente | O47: Reutiliza la lógica de L-03.
A48: J-04 | B48: Modo Adivinar | C48: Pista opcional: nombre de la nota que suena. | D48: Alta | E48: Cliente · listado 14/09 | F48: F1 | G48: F1.1 | H48: D | I48: La pista «Nombre» muestra el nombre y la octava de la nota que suena. | J48: Cumple | K48: 0.1.0 | L48: F1.1 #14 | M48: Pendiente | N48: Cliente
A49: J-05 | B49: Modo Adivinar | C49: Pista opcional: cuerda o cuerdas donde puede encontrarse. | D49: Alta | E49: Cliente · listado 14/09 | F49: F1 | G49: F1.1 | H49: D | I49: La pista «Cuerda» lista las cuerdas donde puede estar la nota. | J49: Cumple | K49: 0.1.0 | L49: F1.1 #14 | M49: Pendiente | N49: Cliente
A50: J-06 | B50: Modo Adivinar | C50: Las pistas se activan desde la propia interfaz, sin abrir el menú. | D50: Alta | E50: Cliente · listado 14/09 | F50: F1 | G50: F1.1 | H50: D | I50: Las dos pistas se activan con chips visibles en Adivinar, sin abrir Ajustes. | J50: Cumple | K50: 0.1.0 | L50: F1.1 #14 | M50: Pendiente | N50: Cliente | O50: Con las dos pistas activas equivale a «busca esta nota en esta cuerda»; sin ninguna, a «adivina de oído».
A51: J-07 | B51: Modo Adivinar | C51: Contador de racha visible durante el juego. | D51: Alta | E51: Cliente · listado 14/09 | F51: F1 | G51: F1.1 | H51: T | I51: La racha sube con cada acierto y vuelve a 0 con cada fallo. | J51: Cumple | K51: 0.1.0 | L51: Banco 0.1.2 (DOM simulado): acierto y fallo | M51: Verificado parcialmente | N51: Banco automático + auditor técnico
A52: J-08 | B52: Modo Adivinar | C52: El récord de racha más larga persiste entre sesiones. | D52: Alta | E52: Cliente · listado 14/09 | F52: F1 | G52: F1.1 | H52: T | I52: El récord persiste tras recargar la página. | J52: Cumple | K52: 0.1.0 | L52: Banco 0.1.2 (DOM simulado): récord guardado · F1.1 #13 | M52: Verificado parcialmente | N52: Banco automático + auditor técnico | O52: localStorage. No funciona en las previsualizaciones de artefactos; probar en local o en la web.
A53: J-09 | B53: Modo Adivinar | C53: Feedback visual inmediato de acierto y de error. | D53: Alta | E53: Cliente · listado 14/09 | F53: F1 | G53: F1.1 | H53: D | I53: Acierto y fallo se distinguen al instante por color y destello. | J53: Cumple | K53: 0.1.0 | L53: F1.1 #9 | M53: Pendiente | N53: Cliente | O53: Color en la posición pulsada y destello en la barra del reto.
A54: J-10 | B54: Modo Adivinar | C54: Al fallar se indica cuál era la posición correcta. | D54: Media | E54: Cliente · listado 14/09 | F54: F1 | G54: F1.3 | H54: T | I54: Tras un fallo se iluminan todas las posiciones correctas, suena la nota buscada y llega un reto nuevo limpio. | J54: Cumple | K54: 0.1.2 | L54: Banco 0.1.2 (DOM simulado): 7 comprobaciones · F1.1 #9 | M54: Verificado parcialmente | N54: Banco automático + auditor técnico | O54: El fallo rompe la racha siempre. Se iluminan todas las posiciones correctas y se vuelve a oír la nota buscada justo después de la pulsada, para aprender por contraste; luego llega el reto siguiente. | Q54: Modificado
A55: J-11 | B55: Modo Adivinar | C55: Definir si el récord es único o independiente por afinación. | D55: Media | E55: Desarrollo · v1.1 | F55: F4 | G55: F4.4 | H55: I | I55: La decisión queda anotada en requisitos.md. | J55: No cumple | K55: — | L55: — | M55: Pendiente | N55: Auditor de requisitos | O55: Hoy es único y global: una racha en DADGAD compite con una en estándar aunque la dificultad no sea comparable.
A56: J-12 | B56: Modo Adivinar | C56: Los ajustes que revelan la respuesta —ver todas las notas— no se aplican en Adivinar. | D56: Alta | E56: Revisión de código 0.1.2 | F56: F1 | G56: F1.3 | H56: T | I56: Con «Ver todas las notas» activo, Adivinar no muestra los nombres. | J56: Cumple | K56: 0.1.2 | L56: Banco 0.1.2 (DOM simulado) · F1.1 #10 | M56: Verificado parcialmente | N56: Banco automático + auditor técnico | O56: Encontrado al revisar el código: con «ver todas las notas» activo, el juego mostraba la solución. | Q56: Nuevo
A57: E-01 | B57: Escalas | C57: Selección de escala a practicar (tónica + tipo). | D57: Alta | E57: Cliente · listado 14/09 | F57: F5 | G57: F5.2 | H57: D | I57: Se puede elegir tónica y tipo de escala entre el catálogo aprobado. | J57: No cumple | K57: — | L57: — | M57: Pendiente | N57: Cliente | O57: Catálogo inicial por decidir.
A58: E-02 | B58: Escalas | C58: El generador de escalas opera solo en afinación estándar en la primera entrega. | D58: Alta | E58: Cliente · listado 14/09 | F58: F5 | G58: F5.2 | H58: T | I58: Para cada tónica y tipo, las posiciones generadas coinciden con una referencia externa en afinación estándar. | J58: No cumple | K58: — | L58: — | M58: Pendiente | N58: Banco automático + auditor técnico | O58: Alcance acotado. Las demás afinaciones pasan a E-02b.
A59: E-02b | B59: Escalas | C59: Escalas en afinaciones alternativas y variantes de digitación (por ejemplo, escala en octavas). | D59: Media | E59: AR-01 | F59: Posterior | G59: Posterior | H59: N/A | I59: Fuera del alcance actual. | J59: No aplica | K59: — | L59: — | M59: No aplica | N59: — | O59: Fuera del alcance de F5.
A60: E-03 | B60: Escalas | C60: Submodo Mostrar: la app ilumina las notas que componen la escala. | D60: Alta | E60: Cliente · listado 14/09 | F60: F5 | G60: F5.3 | H60: D | I60: Mostrar ilumina únicamente las notas de la escala. | J60: No cumple | K60: — | L60: — | M60: Pendiente | N60: Cliente
A61: E-04 | B61: Escalas | C61: En Mostrar se indica el nombre de cada nota y su separación interválica respecto a la anterior. | D61: Alta | E61: Cliente · listado 14/09 | F61: F5 | G61: F5.3 | H61: D | I61: Cada nota iluminada muestra su nombre y el intervalo T o ST respecto al grado anterior. | J61: No cumple | K61: — | L61: — | M61: Pendiente | N61: Cliente | O61: Etiquetas tipo T — T — ST — T — T — T — ST.
A62: E-05 | B62: Escalas | C62: Submodo Práctica: valida solo la pertenencia de la nota a la escala; al pulsar una ajena, marca error e ilumina las correctas. | D62: Alta | E62: Cliente · listado 14/09 | F62: F5 | G62: F5.4 | H62: T | I62: En Práctica, una nota ajena marca error e ilumina las correctas; una nota de la escala no marca error. | J62: No cumple | K62: — | L62: — | M62: Pendiente | N62: Banco automático + auditor técnico | O62: Alcance acotado: no valida orden ni digitación.
A63: E-05b | B63: Escalas | C63: Validación del orden de la escala y de patrones de digitación concretos. | D63: Media | E63: AR-01 | F63: Posterior | G63: Posterior | H63: N/A | I63: Fuera del alcance actual. | J63: No aplica | K63: — | L63: — | M63: No aplica | N63: — | O63: Fuera del alcance de F5.
A64: E-06 | B64: Escalas | C64: Guiado nota a nota en el submodo Mostrar. | D64: Media | E64: Cliente · listado 14/09 | F64: F5 | G64: F5.3 | H64: D | I64: El guiado avanza nota a nota por la escala. | J64: No cumple | K64: — | L64: — | M64: Pendiente | N64: Cliente
A65: A-01 | B65: Afinador | C65: Afinador por referencia: la app reproduce la nota de cada cuerda para afinar de oído. | D65: Alta | E65: Cliente · listado 14/09 | F65: F1 | G65: F1.1 | H65: D | I65: Pulsar cada cuerda en el afinador reproduce su nota de referencia. | J65: Cumple | K65: 0.1.0 | L65: F1.1 #14 | M65: Pendiente | N65: Cliente | O65: El MVP real del afinador.
A66: A-02 | B66: Afinador | C66: Afinador por micrófono: capta la cuerda e indica si subir o bajar. | D66: Alta | E66: Cliente · listado 14/09 | F66: F4 | G66: F4.3 | H66: D | I66: Con una guitarra real, el afinador indica subir o bajar hasta dejarla afinada, en estándar y en una alternativa. | J66: No cumple | K66: — | L66: — | M66: Pendiente | N66: Cliente | O66: Exige contexto seguro: funciona en https y en localhost. No funciona con file:// ni desde el móvil por WiFi contra el Live Server del ordenador (http://192.168… no es contexto seguro). En el móvil llega con la publicación (F7.2). | Q66: Modificado
A67: A-02-CA | B67: Afinador | C67: Criterios de aceptación de A-02: precisión de detección ±2 cents en silencio razonable, latencia menor de 300 ms; el ruido de fondo queda fuera de la primera entrega. | D67: Alta | E67: AR-01 | F67: F4 | G67: F4.2 | H67: T | I67: Banco de pruebas: error ≤ ±2 cents y latencia < 300 ms sobre muestras desafinadas una cantidad conocida. | J67: No cumple | K67: — | L67: — | M67: Pendiente | N67: Banco automático + auditor técnico | O67: La precisión de detección debe ser mejor que el umbral de «afinado» de A-03.
A68: A-03 | B68: Afinador | C68: Indicador de desviación en cents, con umbral de afinado en ±5 cents. | D68: Alta | E68: Cliente · listado 14/09 | F68: F4 | G68: F4.3 | H68: D | I68: La aguja indica la desviación en cents y marca «afinado» dentro de ±5 cents. | J68: No cumple | K68: — | L68: — | M68: Pendiente | N68: Cliente
A69: A-04 | B69: Afinador | C69: Detección automática de cuerda por proximidad a la nota detectada. | D69: Alta | E69: Cliente · listado 14/09 | F69: F4 | G69: F4.3 | H69: T | I69: Con la cuerda a menos de un semitono de su nota, el afinador identifica la cuerda correcta. | J69: No cumple | K69: — | L69: — | M69: Pendiente | N69: Banco automático + auditor técnico | O69: Limitación asumida: con una cuerda muy desafinada puede elegir la equivocada.
A70: A-05 | B70: Afinador | C70: Selección manual de cuerda, que prevalece sobre A-04. | D70: Alta | E70: Cliente · listado 14/09 | F70: F4 | G70: F4.3 | H70: D | I70: Con una cuerda fijada a mano, el afinador la usa como referencia aunque esté muy desafinada. | J70: No cumple | K70: — | L70: — | M70: Pendiente | N70: Cliente | O70: Resuelve la limitación anterior.
A71: A-06 | B71: Afinador | C71: Afinación estándar (E A D G B E). | D71: Alta | E71: Cliente · listado 14/09 | F71: F1 | G71: F1.1 | H71: I | I71: La afinación estándar es E2 A2 D3 G3 B3 E4. | J71: Cumple | K71: 0.1.0 | L71: F1.1 #14 | M71: Pendiente | N71: Auditor de requisitos
A72: A-07 | B72: Afinador | C72: Cinco afinaciones alternativas predefinidas: Drop D, medio tono abajo, Open G, Open D y DADGAD. | D72: Alta | E72: Cliente · listado 14/09 | F72: F1 | G72: F1.1 | H72: I | I72: Existen Drop D, medio tono abajo, Open G, Open D y DADGAD con sus notas correctas. | J72: Cumple | K72: 0.1.0 | L72: F1.1 #14 | M72: Pendiente | N72: Auditor de requisitos
A73: A-08 | B73: Afinador | C73: Afinación personalizada ajustando cada cuerda por semitonos. | D73: Alta | E73: Cliente · listado 14/09 | F73: F1 | G73: F1.1 | H73: D | I73: Los botones +/− mueven la cuerda un semitono y pasan a Personalizada sin alterar los presets. | J73: Cumple | K73: 0.1.0 | L73: F1.1 #4 | M73: Pendiente | N73: Cliente | O73: Cualquier ajuste convierte la afinación en personalizada sin alterar los presets.
A74: A-09 | B74: Afinador | C74: Al seleccionar una afinación se muestran sus notas en un pentagrama. | D74: Media | E74: Cliente · listado 14/09 | F74: F1 | G74: F1.1 | H74: D | I74: El pentagrama del afinador refleja la afinación seleccionada. | J74: Cumple | K74: 0.1.0 | L74: F1.1 #14 | M74: Pendiente | N74: Cliente | O74: Ver P-04.
A75: A-10 | B75: Afinador | C75: La afinación activa se aplica también a los modos de aprendizaje. | D75: Alta | E75: Cliente · listado 14/09 | F75: F1 | G75: F1.1 | H75: T | I75: Al cambiar de afinación, el mástil y los retos se rehacen con las nuevas notas. | J75: Cumple | K75: 0.1.0 | L75: Banco 0.1.2 (DOM simulado): Drop D | M75: Verificado parcialmente | N75: Banco automático + auditor técnico | O75: Ninguna nota está escrita a mano: todas derivan de la afinación activa, y la propagación ocurre en un único punto del código.
A76: A-11 | B76: Afinador | C76: La afinación persiste entre sesiones. | D76: Media | E76: Cliente · listado 14/09 | F76: F1 | G76: F1.1 | H76: D | I76: Tras recargar se mantiene la afinación, incluida la personalizada. | J76: Cumple | K76: 0.1.0 | L76: F1.1 #13 | M76: Pendiente | N76: Cliente
A77: V-01 | B77: Visualización | C77: En móvil se sugiere la orientación horizontal con un aviso discreto; no se fuerza. | D77: Alta | E77: Cliente · listado 14/09 | F77: F3 | G77: F3.2 | H77: D | I77: En un móvil apaisado cada cuerda mide al menos 40 px, y en vertical aparece el aviso para girar. | J77: Cumple parcialmente | K77: 0.1.0 | L77: — | M77: Pendiente | N77: Cliente | O77: El bloqueo de orientación tiene mal soporte en iOS. Menos trastes visibles en vertical es la solución adoptada. Falta el aviso y un diseño apaisado que dé altura a las cuerdas.
A78: V-02 | B78: Visualización | C78: El afinador funciona en vertical y en horizontal. | D78: Alta | E78: Cliente · listado 14/09 | F78: F1 | G78: F1.1 | H78: D | I78: El afinador se usa con comodidad en vertical y en horizontal. | J78: Cumple | K78: 0.1.0 | L78: F1.1 #14 | M78: Pendiente | N78: Cliente
A79: V-03 | B79: Visualización | C79: En escritorio el mástil aprovecha el ancho disponible. | D79: Alta | E79: Cliente · listado 14/09 | F79: F1 | G79: F1.1 | H79: D | I79: En una pantalla de 1280 px se ven los 24 trastes sin desplazarse. | J79: Cumple | K79: 0.1.0 | L79: F1.1 #14 | M79: Pendiente | N79: Cliente | O79: Arranca mostrando el mástil completo en pantallas anchas.
A80: V-04 | B80: Visualización | C80: Control de zoom que determina qué porción del mástil se ve. | D80: Alta | E80: Cliente · listado 14/09 | F80: F1 | G80: F1.1 | H80: D | I80: El zoom cambia los trastes visibles entre 3 y el máximo que cabe, y la etiqueta dice la cifra real. | J80: Cumple | K80: 0.1.0 | L80: F1.1 #7 y #8 | M80: Pendiente | N80: Cliente | O80: De 3 a 24 trastes a la vista. Desde 0.1.1 la etiqueta indica los trastes que caben de verdad, y el zoom conserva el tramo que estabas mirando.
A81: V-05 | B81: Visualización | C81: Cuando el mástil no cabe, el usuario se desplaza lateralmente. | D81: Alta | E81: Cliente · listado 14/09 | F81: F1 | G81: F1.1 | H81: D | I81: Con el mástil más ancho que la pantalla se puede desplazar hasta el traste 24. | J81: Cumple | K81: 0.1.0 | L81: F1.1 #14 | M81: Pendiente | N81: Cliente
A82: V-06 | B82: Visualización | C82: El ancho de traste no cambia al desplazarse: el zoom fija el tamaño y el desplazamiento mueve la ventana. | D82: Alta | E82: Cliente · listado 14/09 | F82: F1 | G82: F1.1 | H82: D | I82: Desplazarse no cambia el ancho de los trastes. | J82: Cumple | K82: 0.1.0 | L82: F1.1 #7 | M82: Pendiente | N82: Cliente
A83: V-07 | B83: Visualización | C83: El mástil se readapta al redimensionar la ventana. | D83: Alta | E83: Cliente · listado 14/09 | F83: F1 | G83: F1.1 | H83: D | I83: Al redimensionar la ventana el mástil se reajusta sin perder el tramo visible. | J83: Cumple | K83: 0.1.0 | L83: F1.1 #7 | M83: Pendiente | N83: Cliente
A84: V-08 | B84: Visualización | C84: El nivel de zoom persiste entre sesiones. | D84: Baja | E84: Cliente · listado 14/09 | F84: F1 | G84: F1.1 | H84: D | I84: El zoom se mantiene tras recargar y tras girar el móvil. | J84: Cumple | K84: 0.1.0 | L84: F1.1 #13 | M84: Pendiente | N84: Cliente | O84: Desde 0.1.1 girar el móvil ya no pisa el zoom elegido.
A85: V-09 | B85: Visualización | C85: Al ocultar la numeración se puede conservar una referencia de tramo: el modo «Guía» deja solo los números de los trastes con marca. | D85: Media | E85: AR-01 | F85: F1 | G85: F1.3 | H85: T | I85: El modo Guía mantiene visibles solo los números de los trastes con marca. | J85: Cumple | K85: 0.1.2 | L85: Banco 0.1.2 (DOM simulado) · F1.1 #11 | M85: Verificado parcialmente | N85: Banco automático + auditor técnico | O85: Sin números, los trastes 5 y 17 llevan la misma marca y se confunden. Se descartó el minimapa por desproporcionado. | Q85: Modificado
A86: C-01 | B86: Configuración y navegación | C86: Menú de configuración accesible desde cualquier pantalla. | D86: Alta | E86: Cliente · listado 14/09 | F86: F1 | G86: F1.1 | H86: D | I86: El botón de Ajustes abre el panel desde cualquier pantalla y Escape lo cierra. | J86: Cumple | K86: 0.1.0 | L86: F1.1 #14 | M86: Pendiente | N86: Cliente | O86: Panel deslizante desde la cabecera.
A87: C-02 | B87: Configuración y navegación | C87: El menú contiene nomenclatura, pentagrama, timbre, numeración de trastes (tres modos), ver todas las notas, señalar iguales y afinación activa, y muestra la versión de la app. | D87: Alta | E87: Cliente · listado 14/09 | F87: F1 | G87: F1.1 | H87: I | I87: El panel contiene todos los ajustes listados y la versión de la app. | J87: Cumple | K87: 0.1.0 | L87: F1.1 #12 | M87: Pendiente | N87: Auditor de requisitos | O87: Ampliado en 0.1.2 con la numeración en tres modos y la versión (G-10). | Q87: Modificado
A88: C-03 | B88: Configuración y navegación | C88: Los ajustes frecuentes tienen acceso rápido sin abrir el menú. | D88: Alta | E88: Cliente · listado 14/09 | F88: F1 | G88: F1.1 | H88: D | I88: Nomenclatura, pentagrama y pistas tienen chips de acceso rápido. | J88: Cumple | K88: 0.1.0 | L88: F1.1 #14 | M88: Pendiente | N88: Cliente | O88: Nomenclatura, pentagrama y las dos pistas del juego.
A89: C-04 | B89: Configuración y navegación | C89: Navegación principal clara entre las áreas de la app. | D89: Alta | E89: Cliente · listado 14/09 | F89: F1 | G89: F1.1 | H89: D | I89: La barra inferior lleva a cada área con un toque. | J89: Cumple | K89: 0.1.0 | L89: F1.1 #14 | M89: Pendiente | N89: Cliente | O89: Barra inferior con cuatro destinos.
A90: C-05 | B90: Configuración y navegación | C90: Todos los ajustes persisten entre sesiones. | D90: Media | E90: Cliente · listado 14/09 | F90: F1 | G90: F1.1 | H90: T | I90: Todos los ajustes persisten tras recargar, y unos ajustes corruptos o antiguos no rompen la app. | J90: Cumple | K90: 0.1.0 | L90: Banco 0.1.2 (DOM simulado): migración · F1.1 #13 | M90: Verificado parcialmente | N90: Banco automático + auditor técnico | O90: Un único objeto de estado, validado campo a campo al leerlo (0.1.1).
A91: C-06 | B91: Configuración y navegación | C91: Especificación detallada de la interfaz: estructura de menús, jerarquía de controles y flujos de navegación. | D91: Alta | E91: Cliente · listado 14/09 | F91: F3 | G91: F3.1 | H91: I | I91: interfaz.md aprobado por el cliente y revisado por el auditor de requisitos. | J91: No cumple | K91: — | L91: — | M91: Pendiente | N91: Auditor de requisitos | O91: Bloqueante de F3.2 y de toda F5. Requiere sesión dedicada.
A92: X-01 | B92: Respaldo y publicación | C92: El código y la documentación están respaldados en el repositorio remoto (GitHub). Respaldar no es publicar. | D92: Alta | E92: Desarrollo · v1.1 | F92: F1 | G92: F1.2 · F1.4 | H92: I | I92: GitHub muestra la última versión y la etiqueta de cierre de fase. | J92: Cumple parcialmente | K92: 0.0.1 | L92: — | M92: Pendiente | N92: Auditor de requisitos | O92: El repositorio existe con la versión 0.0.1. Falta subir la 0.1.2 y llevar los documentos a docs/. | Q92: Modificado
A93: X-02 | B93: Respaldo y publicación | C93: La app está publicada en una URL pública (GitHub Pages). | D93: Alta | E93: Desarrollo · v1.1 | F93: F7 | G93: F7.1 | H93: D | I93: La URL pública carga la app desde un dispositivo ajeno al proyecto. | J93: No cumple | K93: — | L93: — | M93: Pendiente | N93: Cliente | O93: Antes en V1; pasa a la última fase por decisión del 15/09: desarrollo local de principio a fin. | Q93: Modificado
A94: X-03 | B94: Respaldo y publicación | C94: La app está verificada en móviles reales, instalada como icono desde la web publicada. | D94: Alta | E94: Desarrollo · v1.1 | F94: F7 | G94: F7.2 | H94: D | I94: La app instalada desde la web funciona en un Android, un iPhone y un Windows reales. | J94: No cumple | K94: — | L94: — | M94: Pendiente | N94: Cliente | O94: Cierra G-04 y PL-01 a PL-03 en su modo web. | Q94: Modificado

Sheet Resumen
A1: Resumen de cumplimiento
A2: Todas las cifras son fórmulas sobre la hoja Matriz: cambian solas al actualizar una declaración o un estado. Un requisito asignado a dos fases cuenta en las dos; el total cuenta cada requisito una vez.
A4: Fase | B4: Requisitos | C4: Cumple | D4: Cumple parcialmente | E4: No cumple | F4: No aplica | G4: % que cumple | H4: Verificados | I4: Verificados parcialmente
A5: F1 · Base local verificada | B5: =COUNTIF(Matriz!$F$5:$F$94,"*F1*") -> 59 | C5: =COUNTIFS(Matriz!$F$5:$F$94,"*F1*",Matriz!$J$5:$J$94,"Cumple") -> 58 | D5: =COUNTIFS(Matriz!$F$5:$F$94,"*F1*",Matriz!$J$5:$J$94,"Cumple parcialmente") -> 1 | E5: =COUNTIFS(Matriz!$F$5:$F$94,"*F1*",Matriz!$J$5:$J$94,"No cumple") -> 0 | F5: =COUNTIFS(Matriz!$F$5:$F$94,"*F1*",Matriz!$J$5:$J$94,"No aplica") -> 0 | G5: =IFERROR(C5/B5,0) -> 0.98305085 | H5: =COUNTIFS(Matriz!$F$5:$F$94,"*F1*",Matriz!$M$5:$M$94,"Verificado") -> 0 | I5: =COUNTIFS(Matriz!$F$5:$F$94,"*F1*",Matriz!$M$5:$M$94,"Verificado parcialmente") -> 13
A6: F2 · Sonido propio y archivo autónomo | B6: =COUNTIF(Matriz!$F$5:$F$94,"*F2*") -> 7 | C6: =COUNTIFS(Matriz!$F$5:$F$94,"*F2*",Matriz!$J$5:$J$94,"Cumple") -> 1 | D6: =COUNTIFS(Matriz!$F$5:$F$94,"*F2*",Matriz!$J$5:$J$94,"Cumple parcialmente") -> 4 | E6: =COUNTIFS(Matriz!$F$5:$F$94,"*F2*",Matriz!$J$5:$J$94,"No cumple") -> 2 | F6: =COUNTIFS(Matriz!$F$5:$F$94,"*F2*",Matriz!$J$5:$J$94,"No aplica") -> 0 | G6: =IFERROR(C6/B6,0) -> 0.14285714 | H6: =COUNTIFS(Matriz!$F$5:$F$94,"*F2*",Matriz!$M$5:$M$94,"Verificado") -> 0 | I6: =COUNTIFS(Matriz!$F$5:$F$94,"*F2*",Matriz!$M$5:$M$94,"Verificado parcialmente") -> 0
A7: F3 · Interfaz y adaptación | B7: =COUNTIF(Matriz!$F$5:$F$94,"*F3*") -> 3 | C7: =COUNTIFS(Matriz!$F$5:$F$94,"*F3*",Matriz!$J$5:$J$94,"Cumple") -> 0 | D7: =COUNTIFS(Matriz!$F$5:$F$94,"*F3*",Matriz!$J$5:$J$94,"Cumple parcialmente") -> 2 | E7: =COUNTIFS(Matriz!$F$5:$F$94,"*F3*",Matriz!$J$5:$J$94,"No cumple") -> 1 | F7: =COUNTIFS(Matriz!$F$5:$F$94,"*F3*",Matriz!$J$5:$J$94,"No aplica") -> 0 | G7: =IFERROR(C7/B7,0) -> 0 | H7: =COUNTIFS(Matriz!$F$5:$F$94,"*F3*",Matriz!$M$5:$M$94,"Verificado") -> 0 | I7: =COUNTIFS(Matriz!$F$5:$F$94,"*F3*",Matriz!$M$5:$M$94,"Verificado parcialmente") -> 0
A8: F4 · Afinador por micrófono | B8: =COUNTIF(Matriz!$F$5:$F$94,"*F4*") -> 7 | C8: =COUNTIFS(Matriz!$F$5:$F$94,"*F4*",Matriz!$J$5:$J$94,"Cumple") -> 0 | D8: =COUNTIFS(Matriz!$F$5:$F$94,"*F4*",Matriz!$J$5:$J$94,"Cumple parcialmente") -> 1 | E8: =COUNTIFS(Matriz!$F$5:$F$94,"*F4*",Matriz!$J$5:$J$94,"No cumple") -> 6 | F8: =COUNTIFS(Matriz!$F$5:$F$94,"*F4*",Matriz!$J$5:$J$94,"No aplica") -> 0 | G8: =IFERROR(C8/B8,0) -> 0 | H8: =COUNTIFS(Matriz!$F$5:$F$94,"*F4*",Matriz!$M$5:$M$94,"Verificado") -> 0 | I8: =COUNTIFS(Matriz!$F$5:$F$94,"*F4*",Matriz!$M$5:$M$94,"Verificado parcialmente") -> 0
A9: F5 · Escalas | B9: =COUNTIF(Matriz!$F$5:$F$94,"*F5*") -> 7 | C9: =COUNTIFS(Matriz!$F$5:$F$94,"*F5*",Matriz!$J$5:$J$94,"Cumple") -> 0 | D9: =COUNTIFS(Matriz!$F$5:$F$94,"*F5*",Matriz!$J$5:$J$94,"Cumple parcialmente") -> 1 | E9: =COUNTIFS(Matriz!$F$5:$F$94,"*F5*",Matriz!$J$5:$J$94,"No cumple") -> 6 | F9: =COUNTIFS(Matriz!$F$5:$F$94,"*F5*",Matriz!$J$5:$J$94,"No aplica") -> 0 | G9: =IFERROR(C9/B9,0) -> 0 | H9: =COUNTIFS(Matriz!$F$5:$F$94,"*F5*",Matriz!$M$5:$M$94,"Verificado") -> 0 | I9: =COUNTIFS(Matriz!$F$5:$F$94,"*F5*",Matriz!$M$5:$M$94,"Verificado parcialmente") -> 0
A10: F6 · Preparación para distribución | B10: =COUNTIF(Matriz!$F$5:$F$94,"*F6*") -> 5 | C10: =COUNTIFS(Matriz!$F$5:$F$94,"*F6*",Matriz!$J$5:$J$94,"Cumple") -> 0 | D10: =COUNTIFS(Matriz!$F$5:$F$94,"*F6*",Matriz!$J$5:$J$94,"Cumple parcialmente") -> 2 | E10: =COUNTIFS(Matriz!$F$5:$F$94,"*F6*",Matriz!$J$5:$J$94,"No cumple") -> 3 | F10: =COUNTIFS(Matriz!$F$5:$F$94,"*F6*",Matriz!$J$5:$J$94,"No aplica") -> 0 | G10: =IFERROR(C10/B10,0) -> 0 | H10: =COUNTIFS(Matriz!$F$5:$F$94,"*F6*",Matriz!$M$5:$M$94,"Verificado") -> 0 | I10: =COUNTIFS(Matriz!$F$5:$F$94,"*F6*",Matriz!$M$5:$M$94,"Verificado parcialmente") -> 0
A11: F7 · Publicación y lanzamiento | B11: =COUNTIF(Matriz!$F$5:$F$94,"*F7*") -> 7 | C11: =COUNTIFS(Matriz!$F$5:$F$94,"*F7*",Matriz!$J$5:$J$94,"Cumple") -> 0 | D11: =COUNTIFS(Matriz!$F$5:$F$94,"*F7*",Matriz!$J$5:$J$94,"Cumple parcialmente") -> 4 | E11: =COUNTIFS(Matriz!$F$5:$F$94,"*F7*",Matriz!$J$5:$J$94,"No cumple") -> 3 | F11: =COUNTIFS(Matriz!$F$5:$F$94,"*F7*",Matriz!$J$5:$J$94,"No aplica") -> 0 | G11: =IFERROR(C11/B11,0) -> 0 | H11: =COUNTIFS(Matriz!$F$5:$F$94,"*F7*",Matriz!$M$5:$M$94,"Verificado") -> 0 | I11: =COUNTIFS(Matriz!$F$5:$F$94,"*F7*",Matriz!$M$5:$M$94,"Verificado parcialmente") -> 0
A12: Posterior · fuera de alcance | B12: =COUNTIF(Matriz!$F$5:$F$94,"*Posterior*") -> 2 | C12: =COUNTIFS(Matriz!$F$5:$F$94,"*Posterior*",Matriz!$J$5:$J$94,"Cumple") -> 0 | D12: =COUNTIFS(Matriz!$F$5:$F$94,"*Posterior*",Matriz!$J$5:$J$94,"Cumple parcialmente") -> 0 | E12: =COUNTIFS(Matriz!$F$5:$F$94,"*Posterior*",Matriz!$J$5:$J$94,"No cumple") -> 0 | F12: =COUNTIFS(Matriz!$F$5:$F$94,"*Posterior*",Matriz!$J$5:$J$94,"No aplica") -> 2 | G12: =IFERROR(C12/B12,0) -> 0 | H12: =COUNTIFS(Matriz!$F$5:$F$94,"*Posterior*",Matriz!$M$5:$M$94,"Verificado") -> 0 | I12: =COUNTIFS(Matriz!$F$5:$F$94,"*Posterior*",Matriz!$M$5:$M$94,"Verificado parcialmente") -> 0
A13: Total del producto | B13: =COUNTA(Matriz!$A$5:$A$94) -> 90 | C13: =COUNTIF(Matriz!$J$5:$J$94,"Cumple") -> 58 | D13: =COUNTIF(Matriz!$J$5:$J$94,"Cumple parcialmente") -> 10 | E13: =COUNTIF(Matriz!$J$5:$J$94,"No cumple") -> 20 | F13: =COUNTIF(Matriz!$J$5:$J$94,"No aplica") -> 2 | G13: =IFERROR(C13/B13,0) -> 0.64444444 | H13: =COUNTIF(Matriz!$M$5:$M$94,"Verificado") -> 0 | I13: =COUNTIF(Matriz!$M$5:$M$94,"Verificado parcialmente") -> 13
A15: Por método de verificación
A16: I · Inspección | B16: =COUNTIF(Matriz!$H$5:$H$94,"I") -> 16
A17: A · Análisis | B17: =COUNTIF(Matriz!$H$5:$H$94,"A") -> 1
A18: D · Demostración | B18: =COUNTIF(Matriz!$H$5:$H$94,"D") -> 53
A19: T · Prueba | B19: =COUNTIF(Matriz!$H$5:$H$94,"T") -> 17
A20: I+T · Inspección y prueba | B20: =COUNTIF(Matriz!$H$5:$H$94,"I+T") -> 1
A21: N/A · No aplica | B21: =COUNTIF(Matriz!$H$5:$H$94,"N/A") -> 2

Sheet Leyenda
A1: Qué es | B1: Matriz de cumplimiento de requisitos entre el cliente, que define qué debe hacer el producto, y el proveedor, que lo construye y declara su grado de cumplimiento. Los auditores verifican de forma independiente. Equivale a una matriz de verificación cruzada (VCRM) de ingeniería de sistemas.
A2: Roles | B2: Cliente: Pablo Díaz Guerra. Proveedor: chat de Desarrollo, o el agente desarrollador en el modo acelerado. Verificación independiente: auditor de requisitos y auditor técnico.
A3: Qué celdas editas tú | B3: La columna «Comentario del cliente», en amarillo. Las declaraciones y los estados los actualiza el proveedor en cada entrega; tú los aceptas o los discutes en tu comentario.
A4: Ejemplo de comentario del cliente | B4: Aceptado en Chrome. Repetir en Firefox antes de marcarlo como verificado.
A5: Método · I | B5: Inspección: se comprueba mirando el producto, el código o la documentación, sin ejecutar nada especial.
A6: Método · A | B6: Análisis: se comprueba con un cálculo o un razonamiento sobre todos los casos, por ejemplo el rango completo del pentagrama.
A7: Método · D | B7: Demostración: se usa la app y se observa que hace lo pedido.
A8: Método · T | B8: Prueba: se mide con un procedimiento repetible y un resultado esperado, normalmente el banco de pruebas automático.
A9: Declaración del proveedor | B9: Cumple · Cumple parcialmente · No cumple (aún no implementado, planificado en su etapa) · No aplica (fuera de alcance).
A10: Estado de verificación | B10: Verificado: superó su criterio de aceptación con el método indicado. Verificado parcialmente: hay evidencia, pero falta parte del método, por ejemplo la demostración en un navegador real. Pendiente: sin evidencia todavía.
A11: Evidencia | B11: «Banco 0.1.2 (DOM simulado)» son las 28 pruebas automáticas ejecutadas sin navegador. «F1.1 #n» es la comprobación número n de la etapa F1.1 del roadmap.
A12: Regla de cierre | B12: Una etapa del roadmap se cierra cuando todos sus requisitos están en «Cumple» y «Verificado». En el modo acelerado esta regla es el criterio de parada de cada iteración automática.

Sheet Control de cambios
A1: Versión | B1: Fecha | C1: Requisitos | D1: App | E1: Cambios
A2: 1.0 | B2: 14/10/2026 | C2: v1.2 | D2: 0.1.2 | E2: Primera emisión. 90 requisitos con origen, método de verificación, criterio de aceptación, declaración del proveedor, evidencia y estado de verificación.
